Time,PosX,PosY,PosZ,VelX,VelY,VelZ
0,0.540338342552412,1.17605569574517,2.60789905338084,1.62833707850496,-8.42030634137404,-9.44803829383826
0.05,0.62175519647766,0.755040378676464,2.13549713868893,1.61856705603393,-8.3697845033258,-9.87890706407523
0.1,0.702683549279357,0.336551153510174,1.64155178548517,1.60885565369773,-8.31956579630585,-10.3071906216908
0.15,0.783126331964243,0.0794271363051183,1.12619225440063,1.59920251977554,8.26964840152801,-10.7329044779606
0.2,0.863086457953021,0.492909556381519,0.589547030502599,1.58960730465689,8.22003051111884,-11.1560640510929
0.25,0.942566823185865,0.903911081937461,0.0317438279479554,1.58006966082895,8.17071032805213,-11.5766846667863
0.3,1.02157030622731,1.31244659834007,0.54709040539136,1.57058924286397,8.12168606608381,11.9947815587856
0.35,1.10009976837051,1.71853090164426,1.14682948333064,1.56116570740679,8.07295594968731,11.4352558694329
0.4,1.17815805374085,2.12217869912862,1.71859227680228,1.55179871316235,8.02451821398919,10.8790873342163
0.45,1.25574798939897,2.52340460982808,2.2625466435131,1.54248792088338,7.97637110470525,10.326255810211
0.5,1.33287238544314,2.92222316506335,2.77885943402365,1.53323299335808,7.92851287807702,9.77674127534972
0.55,1.40953403511104,3.3186488089672,3.26769649779113,1.52403359539793,7.88094180080856,9.23052382769762
0.6,1.48573571488094,3.71269589900762,3.72922268917602,1.51488939382554,7.83365615000371,8.68758368473144
0.65,1.56148018457221,4.10437870650781,4.16360187341259,1.50580005746259,7.78665421310369,8.14790118262305
0.7,1.63677018744534,4.49371141716299,4.57099693254374,1.49676525711781,7.73993428782506,7.61145677552731
0.75,1.71160845030123,4.88070813155425,4.95156977132011,1.4877846655751,7.69349468209811,7.07823103487415
0.8,1.78599768357999,5.26538286565915,5.30548132306381,1.47885795758165,7.64733371400552,6.5482046486649
0.85,1.85994058145907,5.64774955135943,5.63289155549706,1.46998480983616,7.60144971172149,6.02135842077291
0.9,1.93343982195088,6.0278220369455,5.93395947653571,1.46116490097715,7.55584101345116,5.49767327024828
0.95,2.00649806699974,6.40561408761806,6.20884314004812,1.45239791157128,7.51050596737045,4.97713023062679
1,2.0791179625783,6.78113938598658,6.45769965157946,1.44368352410186,7.46544293156623,4.45971044924303
1.05,2.15130213878339,7.15441153256489,6.68068517404161,1.43502142295724,7.42065027397683,3.94539518654757
1.1,2.22305320993126,7.52544404626374,6.87795493336899,1.4264112944195,7.37612637233297,3.43416581542828
1.15,2.29437377465223,7.89425036488039,7.0496632241404,1.41785282665298,7.33186961409898,2.92600382053571
1.2,2.36526641598488,8.26084384558533,7.19596341516719,1.40934570969307,7.28787839641438,2.4208907976125
1.25,2.43573370146953,8.62523776540605,7.31700795504781,1.40088963543491,7.2441511260359,1.91880845282682
1.3,2.50577818324128,8.98744532170785,7.41294837768915,1.3924842976223,7.20068621927968,1.41973860210986
1.35,2.57540239812239,9.34747963267183,7.48393530779465,1.38412939183656,7.157482101964,0.923663170497203
1.4,2.64460886771422,9.70535373777003,7.53011846631951,1.37582461548555,7.11453720935222,0.43056419147422
1.45,2.7134000984885,9.93891940176236,7.55164667589322,1.36756966779263,-7.0718499860961,-0.0595761936746257
1.5,2.78177858187813,9.58532690245755,7.54866786620949,1.35936424978588,-7.02941888617953,-0.546775736512578
1.55,2.84974679436742,9.23385595814858,7.52132907938386,1.35120806428716,-6.98724237286245,-1.0310520820935
1.6,2.91730719758178,8.88449383950545,7.46977647527918,1.34310081590144,-6.94531891862528,-1.51242276960094
1.65,2.98446223837685,8.53722789357419,7.39415533679914,1.33504221100603,-6.90364700511352,-1.99090523298334
1.7,3.05121434892716,8.19204554331851,7.29461007514997,1.32703195773999,-6.86222512308284,-2.46651680158544
1.75,3.11756594681416,7.84893428716437,7.1712842350707,1.31906976599355,-6.82105177234435,-2.93927470077592
1.8,3.18351943511383,7.50788169854715,7.0243205000319,1.31115534739759,-6.78012546171028,-3.40919605257127
1.85,3.24907720248371,7.16887542546164,6.85386069740334,1.30328841531321,-6.73944470894002,-3.87629787625584
1.9,3.31424162324937,6.83190319001464,6.66004580359055,1.29546868482133,-6.69900804068638,-4.34059708899831
1.95,3.37901505749044,6.49695278798032,6.44301594914063,1.2876958727124,-6.65881399244226,-4.80211050646432
2,3.44339985112606,6.16401208835821,6.20291042381741,1.27996969747612,-6.61886110848761,-5.26085484342553
2.05,3.50739833599987,5.83306903293383,5.93986768164614,1.27228987929127,-6.57914794183668,-5.71684671436498
2.1,3.57101282996443,5.50411163584199,5.65402534592789,1.26465614001552,-6.53967305418566,-6.17010263407879
2.15,3.63424563696521,5.17712798313271,5.34552021422395,1.25706820317543,-6.50043501586055,-6.62063901827431
2.2,3.69709904712398,4.85210623233968,5.01448826331023,1.24952579395637,-6.46143240576538,-7.06847218416467
2.25,3.7595753368218,4.52903461205141,4.661064654102,1.24202863919264,-6.42266381133079,-7.51361835105968
2.3,3.82167676878143,4.20790142148487,4.28538373654902,1.23457646735748,-6.3841278284628,-7.95609364095332
2.35,3.8834055921493,3.88869503006173,3.88757905450135,1.22716900855334,-6.34582306149203,-8.3959140791076
2.4,3.94476404257697,3.57140387698713,3.46778335054597,1.21980599450202,-6.30774812312308,-8.83309559463296
2.45,4.00575434230207,3.25601647083098,3.02612857081432,1.212487158535,-6.26990163438434,-9.26765402106516
2.5,4.06637870022882,2.94252138911176,2.56274586976106,1.20521223558379,-6.23228222457803,-9.69960509693877
2.55,4.12663931200801,2.63090727788286,2.07776561491413,1.19798096217029,-6.19488853123056,-10.1289644663571
2.6,4.18653836011652,2.32116285132133,1.57131739159627,1.19079307639727,-6.15771920004318,-10.555747679559
2.65,4.24607801393639,2.01327689131917,1.04353000761832,1.18364831793889,-6.12077288484292,-10.9799701934816
2.7,4.30526042983333,1.70723824707703,0.494531497944237,1.17654642803125,-6.08404824753386,-11.4016473723208
2.75,4.36408775123489,1.40303583470033,0.0755508706718008,1.16948714946306,-6.04754395804866,11.8207944880868
2.8,4.42256210870805,1.1006586367979,0.666590595076142,1.16247022656629,-6.01125869430037,11.2623127211583
2.85,4.48068562003636,0.800095702082881,1.22970623113406,1.15549540520689,-5.97519114213457,10.7071818448314
2.9,4.5384603902967,0.501336144976153,1.76506532337563,1.14856243277565,-5.93933999528176,10.1553817537624
2.95,4.59588851193549,0.204369145212065,2.27283441106374,1.14167105817899,-5.90370395531007,9.60689246323979
3,4.65297206484444,0.0908160525534383,2.75317903422573,1.13482103182992,5.86828173157821,9.06169410846035
3.05,4.70971311643593,0.384230139132349,3.20626373964875,1.12801210563894,5.83307204118874,8.51976694380959
3.1,4.76611372171788,0.675883741191786,3.63225208683923,1.12124403300511,5.79807360894161,7.98109134214673
3.15,4.82217592336813,0.965787421638866,4.03130665394657,1.11451656880707,5.76328516728796,7.44564779409385
3.2,4.87790175180849,1.25395168000326,4.40358904365126,1.10782946939423,5.72870545628423,6.91341690732929
3.25,4.9332932252782,1.54038695281748,4.74925988901772,1.10118249257787,5.69433322354652,6.38437940588531
3.3,4.98835234990709,1.8251036139948,5.06847885931199,1.0945753976224,5.66016722420524,5.85851612945
3.35,5.04308111978821,2.10811197520506,5.36140466578449,1.08800794523667,5.62620622086001,5.3358080326733
3.4,5.09748151705005,2.38942228624806,5.62819506741816,1.08147989756525,5.59244898353485,4.81623618447726
3.45,5.15155551192831,2.66904473542481,5.86900687664202,1.07499101817985,5.55889428963364,4.2997817673704
3.5,5.2053050628373,2.94698944990649,6.08399596501054,1.06854107207077,5.52554092389584,3.78642607676618
3.55,5.25873211644084,3.22326649610128,6.27331726884885,1.06212982563835,5.49238767835247,3.27615052030558
3.6,5.31183860772276,3.4978858800189,6.43712479486413,1.05575704668452,5.45943335228235,2.76893661718374
3.65,5.36462646005698,3.77085754763302,6.57557162572331,1.04942250440441,5.42667675216866,2.26476599748064
3.7,5.4170975852772,4.04219138524146,6.68880992559734,1.04312596937799,5.39411669165565,1.76362040149576
3.75,5.4692538837461,4.31189721982424,6.77699094567213,1.03686721356172,5.36175199150571,1.26548167908678
3.8,5.52109724442419,4.57998481939952,6.84026502962647,1.03064601028035,5.32958147955668,0.770331789012263
3.85,5.57262954493821,4.84646389337736,6.87878161907708,1.02446213421867,5.29760399067934,0.27815279827819
3.9,5.62385265164914,5.11134409291132,6.89268925899099,1.01831536141335,5.26581836673526,-0.21107311851148
3.95,5.67476841971981,5.37463501124809,6.88213560306542,1.01220546924487,5.23422345653485,-0.697363679800411
4,5.72537869318205,5.63634618407483,6.8472674190754,1.0061322364294,5.20281811579564,-1.18073649772161
4.05,5.77568530500352,5.89648708986461,6.78823059418932,1.00009544301083,5.17160120710087,-1.66120907873528
4.1,5.82569007715406,6.15506715021966,6.70517014025255,0.994094870352763,5.14057159985826,-2.13879882426287
4.15,5.8753948206717,6.41209573021257,6.59823019903941,0.988130301130646,5.10972817025911,-2.61352303131729
4.2,5.92480133572823,6.66758213872552,6.46755404747355,0.982201519323862,5.07906980123756,-3.08539889312939
4.25,5.97391141169442,6.9215356287874,6.31328410281708,0.976308310207919,5.04859538243013,-3.55444349977061
4.3,6.02272682720482,7.17396539790891,6.13556192782855,0.970450460346672,5.01830381013555,-4.02067383877199
4.35,6.07124935022215,7.42488058841569,5.93452823588995,0.964627757584592,4.98819398727474,-4.48410679573935
4.4,6.11948073810138,7.67429028777942,5.71032289610298,0.958839991039084,4.95826482335109,-4.94475915496492
4.45,6.16742273765334,7.92220352894698,5.46308493835473,0.95308695109285,4.92851523441099,-5.40264760003513
4.5,6.21507708520798,8.16862929066753,5.19295255835298,0.947368429386293,4.89894414300452,-5.85778871443492
4.55,6.26244550667729,8.41357649781775,4.90006312263123,0.941684218809975,4.86955047814649,-6.31019898214831
4.6,6.30952971761779,8.65705402172508,4.58455317352382,0.936034113497115,4.84033317527761,-6.75989478825542
4.65,6.35633142329265,8.89907068048896,4.24655843411104,0.930417908816132,4.81129117622595,-7.20689241952589
4.7,6.40285231873346,9.13963523930026,3.88621381313475,0.924835401363235,4.78242342916859,-7.65120806500873
4.75,6.44909408880162,9.37875641075869,3.50365340988431,0.919286388955056,4.75372888859358,-8.09285781661868
4.8,6.49505840824937,9.61644285518837,3.09901051905338,0.913770670621326,4.72520651526202,-8.53185766971897
4.85,6.54074694178044,9.85270318095147,2.67241763556743,0.908288046597598,4.69685527617045,-8.96822352370065
4.9,6.58616134411032,9.91245405524001,2.2240064593824,0.902838318318012,-4.66867414451342,-9.40197118255845
4.95,6.63130326002622,9.67902034801434,1.75390790025448,0.897421288408104,-4.64066209964634,-9.8331163554631
5,6.67617432444662,9.44698724303202,1.26225208248132,0.892036760677655,-4.61281812704846,-10.2616746573303
5.05,6.72077616248051,9.2163463366796,0.749168349614805,0.88668454011359,-4.58514121828617,-10.6876616093863
5.1,6.76511038948618,8.98708927576529,0.214785269145488,0.881364432872908,-4.55763037097646,-11.11109263973
5.15,6.80917861112983,8.75920775721647,0.340769362841013,0.876076246275671,-4.5302845887506,11.5319830838916
5.2,6.85298242344361,8.53269352777894,0.917368517035595,0.870819788798017,-4.5031028812181,10.9752341853883
5.25,6.89652341288351,8.30753838371803,1.46613022630501,0.865594870065229,-4.47608426393079,10.421825780276
5.3,6.93980315638678,8.08373417052149,1.98722151531881,0.860401300844837,-4.4492277583472,9.87173782559431
5.35,6.98282322142902,7.86127278260413,2.48080840659852,0.855238893039768,-4.42253239179712,9.32495039864074
5.4,7.02558516608101,7.64014616301428,2.94705592653056,0.850107459681529,-4.39599719744634,8.78144369624889
5.45,7.06809053906508,7.42034630314196,3.386128111343,0.84500681492344,-4.36962121426166,8.2411980340714
5.5,7.11034087981125,7.20186524242888,3.79818801304658,0.8399367740339,-4.34340348697609,7.70419384586697
5.55,7.15233771851295,6.98469506808007,4.18339770533992,0.834897153389696,-4.31734306605423,7.17041168279177
5.6,7.19408257618243,6.76882791477736,4.54191828947951,0.829887770469358,-4.29143900765791,6.63983221269502
5.65,7.2355769647059,6.55425596439447,4.87390990011426,0.824908443846542,-4.26569037361196,6.11243621941885
5.7,7.27682238689823,6.34097144571387,5.17953171108521,0.819958993183463,-4.24009623137029,5.58820460210234
5.75,7.3178203365574,6.12896663414535,5.45894194119032,0.815039239224362,-4.21465565398207,5.06711837448972
5.8,7.35857229851862,5.91823385144625,5.71229785991481,0.810149003789016,-4.18936772005817,4.54915866424279
5.85,7.39907974870807,5.70876546544334,5.93975579312695,0.805288109766282,-4.16423151373782,4.03430671225733
5.9,7.43934415419639,5.50055388975645,6.14147112873981,0.800456381107684,-4.1392461246554,3.52254387198378
5.95,7.47936697325177,5.29359158352368,6.317598322339,0.795653642821038,-4.11441064790746,3.01385160875188
6,7.51914965539282,5.08787105112831,6.4682909027766,0.790879720964111,-4.08972418402002,2.50821149909937
6.05,7.55869364144103,4.88338484192731,6.59370147773157,0.786134442638327,-4.0651858389159,2.00560523010477
6.1,7.59800036357294,4.68012554998151,6.6939817392368,0.781417635982497,-4.0407947238824,1.50601459872415
6.15,7.63707124537207,4.47808581378739,6.76928246917301,0.776729130166602,-4.01654995553911,1.0094215111318
6.2,7.6759077018804,4.27725831601044,6.8197535447296,0.772068755385602,-3.99245065580588,0.51580798206501
6.25,7.71451113964968,4.07763578322014,6.84554394383285,0.767436342853289,-3.96849595187104,0.02515613417262
6.3,7.75288295679234,3.87921098562659,6.84680175054148,0.762831724796169,-3.94468497615981,-0.462551802632416
6.35,7.79102454303215,3.6819767368186,6.82367416040986,0.758254734447392,-3.92101686630286,-0.947333491816621
6.4,7.82893727975452,3.48592589350346,6.77630748581903,0.753705206040708,-3.89749076510504,-1.42920649086572
6.45,7.86662254005656,3.2910513552482,6.70484716127575,0.749182974804463,-3.87410582051441,-1.90818825192053
6.5,7.90408168879678,3.09734606422248,6.60943774867972,0.744687876955637,-3.85086118559132,-2.384296122409
6.55,7.94131608264456,2.90480300494292,6.49022294255927,0.740219749693903,-3.82775601847777,-2.85754734567455
6.6,7.97832707012926,2.71341520401903,6.34734557527554,0.735778431195739,-3.80478948236691,-3.3279590616005
6.65,8.01511599168905,2.52317572990068,6.18094762219552,0.731363760608565,-3.78196074547271,-3.7955483072309
6.7,8.05168417971947,2.33407769262705,5.99117020683397,0.726975578044913,-3.75926898099987,-4.26033201738751
6.75,8.08803295862172,2.14611424357705,5.7781536059646,0.722613724576644,-3.73671336711387,-4.72232702528319
6.8,8.12416364485055,1.95927857522136,5.54203725470044,0.718278042229184,-3.71429308691119,-5.18155006313149
6.85,8.16007754696201,1.7735639208758,5.28295975154386,0.713968373975809,-3.69200732838972,-5.6380177627527
6.9,8.1957759656608,1.58896355445632,5.00105886340623,0.709684563731954,-3.66985528441938,-6.09174665617618
6.95,8.2312601938474,1.40547079023535,4.69647153059742,0.705426456349562,-3.64783615271287,-6.54275317623913
7,8.26653151666488,1.2230789825997,4.36933387178546,0.701193897611465,-3.62594913579659,-6.99105365718169
7.05,8.30159121154545,1.04178152580987,4.01978118892638,0.696986734225796,-3.60419344098181,-7.4366643352386
7.1,8.33644054825674,0.861571853760784,3.64794797216445,0.692804813820441,-3.58256828033592,-7.87960134922717
7.15,8.37108078894776,0.682443439743988,3.25396790470309,0.688647984937519,-3.5610728706539,-8.31988074113181
7.2,8.40551318819464,0.504389796211293,2.8379738676465,0.684516097027894,-3.53970643342998,-8.75751845668502
7.25,8.43973899304603,0.327404474539794,2.40009794481225,0.680409000445726,-3.5184681948294,-9.19253034594491
7.3,8.47375944306832,0.151481064798324,1.940471427515,0.676326546443052,-3.49735738566042,-9.62493216386924
7.35,8.50757577039047,0.0233868044846973,1.45922481932154,0.672268587164394,3.47637324134646,-10.054739570886
7.4,8.54118919974869,0.19720546655202,0.956487840777238,0.668234975641407,3.45551500189838,-10.4819681334607
7.45,8.57460094853076,0.369981216646939,0.432389434104202,0.664225565787559,3.43478191188699,-10.9066333246599
7.5,8.60781222682014,0.541720312241289,0.112942232128795,0.660240212392833,3.41417322041567,11.328750524712
7.55,8.64082423743978,0.712428973262072,0.679379758364394,0.656278771118476,3.39368818109317,10.7732210215637
7.6,8.67363817599571,0.882113382316731,1.21804080944258,0.652341098491766,3.37332605200662,10.2210246954343
7.65,8.70625523092029,1.05077968491706,1.7290920442143,0.648427051900815,3.35308609569458,9.67214154726172
7.7,8.73867658351533,1.21843398970179,2.21269912157738,0.64453648958941,3.33296757912041,9.12655169797815
7.75,8.7709034079948,1.38508236865781,2.66902670647629,0.640669270651874,3.31296977364569,8.58423538779028
7.8,8.8029368715274,1.5507308573401,3.0982384758658,0.636825255027962,3.29309195500381,8.04517297546354
7.85,8.8347781342788,1.71538545509029,3.50049712463898,0.633004303497794,3.27333340327379,7.50934493761076
7.9,8.86642834945369,1.87905212525398,3.87596437151952,0.629206277676808,3.25369340285415,6.97673186798509
7.95,8.89788866333753,2.04173679539668,4.22480096491877,0.625431040010747,3.23417124243702,6.44731447677718
8,8.92916021533807,2.20344535751853,4.54716668875763,0.621678453770682,3.2147662149824,5.92107358991652
8.05,8.9602441380266,2.36418366826765,4.84322036825346,0.617948383048058,3.1954776176925,5.39799014837702
8.1,8.991141557179,2.52395754915228,5.11311987567231,0.61424069274977,3.17630475198635,4.87804520748676
8.15,9.02185359181649,2.6827727867516,5.35702213604665,0.610555248593271,3.15724692347443,4.36121993624184
8.2,9.05238135424615,2.84063513292532,5.57508313285874,0.606891917101712,3.13830344193358,3.84749561662439
8.25,9.08272595010124,2.997550305022,5.76745791368996,0.603250565599102,3.11947362128198,3.33685364292464
8.3,9.1128884783812,3.1535239860861,5.93430059583619,0.599631062205507,3.10075677955429,2.82927552106709
8.35,9.14287003149147,3.30856182506381,6.07576437188955,0.596033275832274,3.08215223887697,2.32474286794069
8.4,9.17267169528309,3.46266943700766,6.19200151528658,0.59245707617728,3.0636593254437,1.82323741073305
8.45,9.20229454909195,3.61585240327984,6.28316338582323,0.588902333720216,3.04527736949104,1.32474098626865
8.5,9.23173966577796,3.7681162717544,6.34940043513667,0.585368919717895,3.0270057052741,0.829235540351036
8.55,9.26100811176386,3.9194665570181,6.39086221215422,0.581856706199588,3.00884367104245,0.33670312710893
8.6,9.29010094707384,4.06990874057022,6.40769736850966,0.57836556596239,2.9907906090162,-0.152874091653723
8.65,9.31901922537195,4.21944827102103,6.40005366392698,0.574895372566616,2.9728458653621,-0.639513847103801
8.7,9.34776399400029,4.36809056428914,6.36807797157179,0.571446000331216,2.95500879016993,-1.12323376402118
8.75,9.37633629401685,4.51584100379763,6.31191628337073,0.568017324329229,2.93727873742891,-1.60405136143705
8.8,9.40473716023331,4.66270494066908,6.23171371529888,0.564609220383254,2.91965506500433,-2.08198405326843
8.85,9.43296762125247,4.8086876939193,6.12761451263545,0.561221565060954,2.90213713461431,-2.55704914894882
8.9,9.46102869950552,4.95379455065001,5.99976205518801,0.557854235670588,2.88472431180662,-3.02926385405513
8.95,9.48892141128905,5.09803076624034,5.84829886248526,0.554507110256565,2.86741596593578,-3.49864527093079
9,9.51664676680188,5.24140156453713,5.67336659893872,0.551180067595025,2.85021147014017,-3.96521039930521
9.05,9.54420577018163,5.38391213804414,5.47510607897346,0.547872987189455,2.83311020131933,-4.42897613690938
9.1,9.5715994195411,5.52556764811011,5.25365727212799,0.544585749266319,2.81611154011141,-4.88995928008792
9.15,9.59882870700442,5.66637322511568,5.00915930812359,0.541318234770721,2.79921487087074,-5.34817652440739
9.2,9.62589461874295,5.80633396865921,4.74175048190322,0.538070325362096,2.78241958164552,-5.80364446526095
9.25,9.65279813501106,5.94545494774149,4.45156825864017,0.534841903409924,2.76572506415564,-6.25637959846938
9.3,9.67954023018155,6.08374120094927,4.1387492787167,0.531632851989464,2.74913071377071,-6.70639832087857
9.35,9.70612187278103,6.22119773663781,3.80342936267278,0.528443054877527,2.73263592948809,-7.1537169309533
9.4,9.7325440255249,6.35782953311221,3.44574351612511,0.525272396548262,2.71624011391116,-7.59835162936758
9.45,9.75880764535231,6.49364153880777,3.06582593465673,0.522120762168973,2.69994267322769,-8.04031851959137
9.5,9.78491368346076,6.62863867246915,2.66381000867716,0.518988037595959,2.68374301718832,-8.47963360847382
9.55,9.81086308534056,6.76282582332857,2.23982832825347,0.515874109370383,2.66764055908519,-8.91631280682298
9.6,9.83665679080908,6.89620785128283,1.79401268791232,0.512778864714161,2.65163471573068,-9.35037192998204
9.65,9.86229573404479,7.02878958706936,1.32649409141322,0.509702191525876,2.6357249074363,-9.78182669840215
9.7,9.88778084362108,7.16057583244118,0.837402756493113,0.50664397837672,2.61991055799168,-10.2106927382117
9.75,9.91311304253992,7.29157136034076,0.326868119582526,0.50360411450646,2.60419109464373,-10.6369855817825
9.8,9.93829324826524,7.42178091507295,0.204981159506597,0.500582489819421,2.58856594807587,11.0607206682918
9.85,9.96332237275621,7.55120921247674,0.758017192921186,0.497578994880505,2.57303455238741,10.506799344282
9.9,9.98820132250024,7.67986094009611,1.28335716013529,0.494593520911222,2.55759634507309,9.95620154821633
9.95,9.9870690014542,7.80774075734977,1.7811672375461,-0.491625959785754,2.54225076700265,9.40890733892703
10,9.96248770346491,7.9348532956999,2.25161260449246,-0.48867620402704,2.52699726240063,8.86489689489347
10.05,9.93805389326356,8.06120315881993,2.69485744923713,-0.485744146802878,2.51183527882623,8.32415051352411
10.1,9.91376668592342,8.18679492276124,3.11106497491333,-0.48282968192206,2.49676426715327,7.78664861044296
10.15,9.88962520182731,8.31163313611891,3.50039740543548,-0.479932703830528,2.48178368155035,7.2523717187803
10.2,9.86562856663579,8.43572232019643,3.8630159913745,-0.477053107607545,2.46689297946105,6.72130048846762
10.25,9.84177591125541,8.55906696916948,4.19908101579788,-0.4741907889619,2.45209162158429,6.19341568553682
10.3,9.81806637180731,8.68167155024869,4.50875180007472,-0.471345644228128,2.43737907185478,5.6686981914236
10.35,9.79449908959591,8.80354050384143,4.7921867096459,-0.468517570362759,2.42275479742365,5.14712900227505
10.4,9.77107321107777,8.92467824371261,5.04954315975965,-0.465706464940583,2.40821826863911,4.6286892282614
10.45,9.74778788783074,9.04508915714457,5.28097762117272,-0.462912226150939,2.39376895902727,4.11336009289184
10.5,9.72464227652319,9.16477760509593,5.48664562581731,-0.460134752794034,2.37940634527311,3.60112293233448
10.55,9.70163553888349,9.28374792235959,5.66670177243404,-0.457373944277269,2.36512990720147,3.09195919474048
10.6,9.67876684166963,9.40200441771966,5.82129973217106,-0.454629700611606,2.35093912775826,2.58585043957204
10.65,9.65603535663905,9.51955137410758,5.95059225414966,-0.451901922407936,2.33683349299171,2.0827783369346
10.7,9.63344026051865,9.63639304875716,6.05473117099639,-0.449190510873489,2.32281249203376,1.582724666913
10.75,9.61098073497498,9.75253367335885,6.13386740434204,-0.446495367808248,2.30887561708156,1.08567131891152
10.8,9.58865596658457,9.86797745421292,6.18815097028762,-0.443816395601398,2.29502236337907,0.591600290998048
10.85,9.5664651468045,9.98272857238188,6.21773098483752,-0.44115349722779,2.2812522291988,0.10049368925206
10.9,9.54440747194311,9.90320881615818,6.22275566930012,-0.438506576244423,-2.2675647158236,-0.387666272883452
10.95,9.52248214313089,9.789830580367,6.20337235565595,-0.435875536786957,-2.25395932752866,-0.872897275246152
11,9.50068836629154,9.67713261399057,6.15972749189365,-0.433260283566235,-2.24043557156349,-1.35521689159467
11.05,9.47902535211323,9.56511083541239,6.09196664731391,-0.430660721864837,-2.22699295813411,-1.83464259024511
11.1,9.45749231601999,9.45376118750569,6.00023451780166,-0.428076757533648,-2.2136310003853,-2.31119173470364
11.15,9.4360884781433,9.34307963748642,5.88467493106647,-0.425508296988446,-2.20034921438299,-2.78488158429541
11.2,9.41481306329388,9.23306217676727,5.7454308518517,-0.422955247206516,-2.18714711909669,-3.25572929478964
11.25,9.39366530093356,9.12370482081244,5.58264438711222,-0.420417515723277,-2.17402423638211,-3.7237519190209
11.3,9.37264442514739,9.01500360899333,5.39645679116118,-0.417895010628937,-2.16098009096382,-4.18896640750678
11.35,9.35174967461595,8.90695460444514,5.18700847078584,-0.415387640565163,-2.14801421041804,-4.65138960906174
11.4,9.33098029258769,8.79955389392424,4.95443899033275,-0.412895314721772,-2.13512612515553,-5.11103827140737
11.45,9.3103355268516,8.69279758766646,4.69888707676238,-0.410417942833442,-2.1223153684046,-5.56792904177892
11.5,9.28981462970993,8.58668181924623,4.42049062467344,-0.407955435176441,-2.10958147619417,-6.02207846752825
11.55,9.26941685795111,8.48120274543652,4.11938670129702,-0.405507702565382,-2.096923987337,-6.47350299672308
11.6,9.24914147282284,8.37635654606967,3.79571155146087,-0.40307465634999,-2.08434244341298,-6.92221897874274
11.65,9.22898774000534,8.27213942389903,3.44960060252373,-0.40065620841189,-2.0718363887525,-7.36824266487029
11.7,9.20895492958474,8.1685476044614,3.08118846928022,-0.398252271161419,-2.05940537041999,-7.81159020888106
11.75,9.18904231602667,8.0655773359404,2.69060895883616,-0.39586275753445,-2.04704893819747,-8.25227766762778
11.8,9.16924917814995,7.96322488903053,2.27799507545478,-0.393487580989244,-2.03476664456828,-8.69032100162201
11.85,9.14957479910048,7.86148655680211,1.84347902537368,-0.391126655503308,-2.02255804470087,-9.12573607561228
11.9,9.13001846632532,7.76035865456707,1.38719222159306,-0.388779895570288,-2.01042269643267,-9.55853865915861
11.95,9.1105794715468,7.65983751974544,0.909265288635131,-0.386447216196867,-1.99836016025407,-9.98874442720365
12,9.09125711073696,7.55991951173273,0.409828067274948,-0.384128532899685,-1.98636999929255,-10.4163689606404
12.05,9.07205068409198,7.4606010117681,0.110990380757074,-0.381823761702287,-1.97445177929679,10.8414277468766
12.1,9.05295949600686,7.36187842280326,0.653061768100903,-0.379532819132074,-1.96260506862101,10.2888221803953
12.15,9.03398285505026,7.26374816937221,1.16750287712067,-0.377255622217281,-1.95082943820929,9.73953224731296
12.2,9.01512007393939,7.16620669746175,1.65447948948632,-0.374992088483977,-1.93912446158003,9.19353805382908
12.25,8.9963704695152,7.06925047438275,2.11415639217777,-0.372742135953074,-1.92748971481055,8.65081982550611
12.3,8.97773336271754,6.97287598864222,2.54669738345308,-0.370505683137355,-1.91592477652169,8.11135790655307
12.35,8.95920807856067,6.87707974981614,2.95226527878073,-0.368282649038531,-1.90442922786256,7.57513275911375
12.4,8.94079394610875,6.78185828842301,3.33102191673642,-0.3660729531443,-1.89300265249538,7.04212496255907
12.45,8.92249029845153,6.68720815579824,3.68312816486437,-0.363876515425434,-1.88164463658041,6.51231521278371
12.5,8.90429647268026,6.59312592396922,4.00874392550356,-0.361693256332881,-1.87035476876093,5.98568432150701
12.55,8.88621180986362,6.49960818553117,4.30802814157891,-0.359523096794884,-1.85913264014836,5.46221321557797
12.6,8.86823565502387,6.40665155352375,4.58113880235781,-0.357365958214115,-1.84797784430747,4.9418829362845
12.65,8.85036735711317,6.31425266130838,4.82823294917203,-0.35522176246483,-1.83688997724163,4.4246746386668
12.7,8.83260626898993,6.2224081624463,5.04946668110537,-0.353090431890041,-1.82586863737818,3.91056959083479
12.75,8.81495174739542,6.13111473057739,5.24499516064711,-0.350971889298701,-1.81491342555391,3.39954917328979
12.8,8.79740315293049,6.04036905929969,5.4149726193116,-0.348866057962909,-1.80402394500058,2.89159487825005
12.85,8.77995985003234,5.95016786204966,5.5595523632241,-0.346772861615131,-1.79319980133058,2.38668830898055
12.9,8.76262120695159,5.86050787198314,5.67888677867313,-0.34469222444544,-1.7824406025226,1.88481117912666
12.95,8.74538659572931,5.77138584185701,5.77312733762946,-0.342624071098768,-1.77174595890746,1.3859453120519
13,8.72825539217438,5.68279854391163,5.84242460323206,-0.340568326672175,-1.76111548315402,0.890072640179592
13.05,8.71122697584077,5.59474276975393,5.88692823524104,-0.338524916712142,-1.75054879025509,0.397175204338515
13.1,8.69430073000516,5.50721533024118,5.90678699545796,-0.336493767211869,-1.74004549751356,-0.0927648468875163
13.15,8.67747604164457,5.4202130553655,5.90214875311359,-0.334474804608598,-1.72960522452848,-0.579765257806191
13.2,8.66075230141413,5.33373279413907,5.87316049022328,-0.332467955780946,-1.71922759318131,-1.06384366625935
13.25,8.64412890362509,5.24777141448001,5.81996830691031,-0.330473148046261,-1.70891222762222,-1.5450176042618
13.3,8.62760524622277,5.1623258030989,5.74271742669722,-0.328490309157983,-1.69865875425649,-2.02330449863623
13.35,8.61118073076488,5.07739286538607,5.64155220176541,-0.326519367303035,-1.68846680173095,-2.49872167164441
13.4,8.59485476239972,4.99296952529953,5.51661611818319,-0.324560251099217,-1.67833600092056,-2.97128634161454
13.45,8.57862674984476,4.9090527252535,5.36805180110246,-0.322612889592622,-1.66826598491504,-3.44101562356486
13.5,8.56249610536513,4.82563942600775,5.19600101992422,-0.320677212255066,-1.65825638900555,-3.90792652982347
13.55,8.54646224475238,4.74272660655747,5.00060469343305,-0.318753148981536,-1.64830685067152,-4.37203597064453
13.6,8.5305245873033,4.66031126402389,4.78200289490082,-0.316840630087646,-1.63841700956749,-4.83336075482066
13.65,8.51468255579892,4.57839041354552,4.54033485715979,-0.314939586307121,-1.62858650751008,-5.29191759029173
13.7,8.49893557648356,4.49696108817002,4.2757389776452,-0.313049948789278,-1.61881498846502,-5.74772308474998
13.75,8.4832830790441,4.41602033874676,3.9883528234077,-0.311171649096542,-1.60910209853423,-6.20079374624148
13.8,8.46772449658927,4.33556523382005,3.67831313609563,-0.309304619201963,-1.59944748594303,-6.65114598376403
13.85,8.45225926562917,4.2555928595229,3.34575583690742,-0.307448791486751,-1.58985080102737,-7.09879610786145
13.9,8.43688682605484,4.17610031947153,2.99081603151435,-0.305604098737831,-1.5803116962212,-7.54376033121428
13.95,8.42160662111795,4.09708473466047,2.61362801495364,-0.303770474145404,-1.57082982604388,-7.986054769227
14,8.40641809741068,4.01854324335828,2.21432527649229,-0.301947851300531,-1.56140484708761,-8.42569544061163
14.05,8.39132070484565,3.9404730010039,1.79304050446171,-0.300136164192728,-1.55203641800509,-8.86269826796796
14.1,8.37631389663601,3.86287118010364,1.34990559106331,-0.298335347207572,-1.54272419949706,-9.29707907836016
14.15,8.36139712927563,3.78573497012879,0.8850516371453,-0.296545335124326,-1.53346785430008,-9.72885360389
14.2,8.34656986251942,3.70906157741379,0.3986089569508,-0.29476606311358,-1.52426704717428,-10.1580374822667
14.25,8.33183155936374,3.63284822505507,0.109292917162533,-0.292997466734899,-1.51512144489123,10.5846462573731
14.3,8.31718168602699,3.55709215281051,0.638525230031186,-0.291239481934489,-1.50603071622188,10.0335813798288
14.35,8.30261971193027,3.48179061699942,1.14020429902263,-0.289492045042882,-1.49699453192455,9.48582289154984
14.4,8.28814510967812,3.40694089040319,1.61449544360012,-0.287755092772625,-1.488012564733,8.94135095420054
14.45,8.27375735503949,3.33254026216654,2.06156299131015,-0.286028562215989,-1.47908448934461,8.40014584847534
14.5,8.25945592692869,3.25858603769931,2.48157028373391,-0.284312390842693,-1.47020998240854,7.86218797338449
14.55,8.24524030738656,3.18507553857888,2.87467968240314,-0.282606516497637,-1.46138872251409,7.32745784554418
14.6,8.23110998156168,3.11200610245318,3.24105257468035,-0.280910877398652,-1.452620390179,6.79593609847092
14.65,8.21706443769174,3.03937508294423,3.58084937960389,-0.27922541213426,-1.44390466783793,6.26760348188009
14.7,8.20310316708503,2.96717984955233,3.8942295536979,-0.277550059661454,-1.4352412398309,5.74244086098881
14.75,8.18922566410196,2.89541778756079,4.18135159674734,-0.275884759303485,-1.42662979239192,5.22042921582288
14.8,8.17543142613678,2.82408629794119,4.44237305753848,-0.274229450747664,-1.41807001363756,4.70154964052794
14.85,8.1617199535994,2.75318279725931,4.67745053956488,-0.272584074043178,-1.40956159355574,4.18578334268477
14.9,8.14809074989724,2.68270471758153,4.88673970669912,-0.270948569598919,-1.4011042239944,3.67311164262866
14.95,8.1345433214173,2.61264950638181,5.07039528883055,-0.269322878181326,-1.39269759865044,3.16351597277289
15,8.12107717750823,2.54301462644928,5.2285710874692,-0.267706940912238,-1.38434141305854,2.65697787693626
15.05,8.10769183046262,2.47379755579636,5.36141998131601,-0.266100699266764,-1.37603536458018,2.15347900967464
15.1,8.09438679549928,2.40499578756735,5.46909393179974,-0.264504095071164,-1.3677791523927,1.65300113561659
15.15,8.08116159074572,2.33660682994771,5.55174398858057,-0.262917070500737,-1.35957247747835,1.15552612880289
15.2,8.06801573722069,2.2686282060738,5.60952029502072,-0.261339568077733,-1.35141504261348,0.661035972030073
15.25,8.0549487588168,2.20105745394312,5.64257209362222,-0.259771530669266,-1.3433065523578,0.169512756197892
15.3,8.04196018228334,2.13389212632523,5.65104773143211,-0.258212901485251,-1.33524671304365,-0.319061320339295
15.35,8.02904953720907,2.06712979067305,5.63509466541515,-0.256663624076339,-1.32723523276539,-0.804703952417259
15.4,8.01621635600526,2.00076802903478,5.59485946779429,-0.255123642331881,-1.31927182136879,-1.28743272870276
15.45,8.00346017388866,1.93480443796634,5.53048783135915,-0.25359290047789,-1.31135619044058,-1.76726513233054
15.5,7.99078052886477,1.86923662844431,5.44212457474262,-0.252071343075022,-1.30348805329794,-2.24421854153656
15.55,7.97817696171102,1.80406222577941,5.32991364766579,-0.250558915016572,-1.29566712497815,-2.71831023028734
15.6,7.96564901596019,1.73927886953051,5.19399813615143,-0.249055561526473,-1.28789312222828,-3.18955736890561
15.65,7.95319623788387,1.67488421341909,5.03452026770614,-0.247561228157314,-1.28016576349491,-3.65797702469218
15.7,7.940818176476,1.61087592524435,4.85162141647154,-0.24607586078837,-1.27248476891394,-4.12358616254403
15.75,7.92851438343658,1.54725168679865,4.64544210834433,-0.24459940562364,-1.26484986030046,-4.58640164556876
15.8,7.9162844131554,1.48400919378363,4.4161220260659,-0.243131809189898,-1.25726076113866,-5.04644023569535
15.85,7.90412782269591,1.42114615572669,4.16380001428113,-0.241673018334759,-1.24971719657182,-5.50371859428118
15.9,7.89204417177917,1.3586602958981,3.88861408456707,-0.24022298022475,-1.24221889339239,-5.95825328271549
15.95,7.88003302276793,1.29654935122848,3.5907014204313,-0.238781642343402,-1.23476558003204,-6.4100607630192
16,7.86809394065076,1.23481107222688,3.27019838228034,-0.237348952489341,-1.22735698655185,-6.85915739844108
16.05,7.85622649302629,1.17344322289929,2.92724051235828,-0.235924858774405,-1.21999284463254,-7.30555945405044
16.1,7.84443025008757,1.11244358066766,2.56196253965576,-0.234509309621759,-1.21267288756474,-7.74928309732613
16.15,7.83270478460649,1.05180993628942,2.17449838478945,-0.233102253764028,-1.20539685023935,-8.19034439874217
16.2,7.82104967191828,0.991540093777457,1.76498116485234,-0.231703640241444,-1.19816446913792,-8.62875933234972
16.25,7.80946448990621,0.931631870320561,1.33354319823486,-0.230313418399995,-1.19097548232309,-9.06454377635563
16.3,7.79794881898621,0.872083096204407,0.880316009417077,-0.228931537889595,-1.18382962942915,-9.49771351369749
16.35,7.78650224209173,0.812891614732949,0.405430333732203,-0.227557948662258,-1.17672665165257,-9.92828423261531
16.4,7.77512434465862,0.754055282150321,0.0909838778985627,-0.226192600970284,-1.16966629174266,10.3562715272196
16.45,7.76381471461011,0.695571967563188,0.608797454259544,-0.224835445364462,-1.1626482939922,9.8065768980563
16.5,7.75257294234188,0.637439552863578,1.09912629916236,-0.223486432692276,-1.15567240422825,9.26018043666796
16.55,7.74139862070727,0.579655932652165,1.56213532099576,-0.222145514096122,-1.14873836980288,8.71706235404795
16.6,7.73029134500246,0.522219014162021,1.99798843869815,-0.220812641011545,-1.14184593958406,8.17720297992366
16.65,7.71925071295188,0.465126717182818,2.40684858769434,-0.219487765165476,-1.13499486394656,7.64058276204412
16.7,7.70827632469361,0.40837697398549,2.78887772579654,-0.218170838574483,-1.12818489476288,7.10718226547186
16.75,7.69736778276489,0.351967729247346,3.14423683907014,-0.216861813543036,-1.1214157853943,6.57698217187902
16.8,7.68652469208774,0.295896939977631,3.47308594766409,-0.215560642661778,-1.11468729068194,6.04996327884775
16.85,7.67574665995465,0.240162575443534,3.77558411160647,-0.214267278805807,-1.10799916693784,5.52610649917466
16.9,7.66503329601436,0.184762617096642,4.05188943656521,-0.212981675132973,-1.10135117193622,5.00539286017962
16.95,7.65438421225771,0.129695058499831,4.30215907957419,-0.211703785082175,-1.0947430649046,4.48780350301854
17,7.6437990230036,0.0749579052546009,4.52654925472512,-0.210433562371682,-1.08817460651517,3.97331968200043
17.05,7.63327734488501,0.0205491749288423,4.72521523882514,-0.209170960997452,-1.08164555887608,3.46192276390842
17.1,7.62281879683514,0.0335331030149618,4.89831137702056,-0.207915935231467,1.07515568552283,2.95359422732497
17.15,7.61242300007357,0.0872908872911031,5.04599108838681,-0.206668439620078,1.06870475140969,2.44831566196102
17.2,7.60208957809256,0.140726124861587,5.16840687148486,-0.205428428982358,1.06229252290123,1.94606876798926
17.25,7.59181815664345,0.193840751006649,5.26571030988432,-0.204195858408463,1.05591876776382,1.44683535538132
17.3,7.58160836372302,0.24663668939484,5.33805207765339,-0.202970683258013,1.04958325515724,0.950597343249034
17.35,7.57145982956012,0.299115852152702,5.38558194481584,-0.201752859158465,1.0432857556263,0.45733675918954
17.4,7.5613721866022,0.351280139934017,5.40844878277532,-0.200542342003514,1.03702604109254,-0.0329642613655971
17.45,7.55134506950202,0.403131441988644,5.40680056970704,-0.199339087951493,1.03080388484598,-0.520323475797403
17.5,7.54137811510445,0.454671636230943,5.38078439591717,-0.198143053423784,1.02461906153691,-1.00475853494262
17.55,7.53147096243326,0.505902589307788,5.33054646917004,-0.196954195103241,1.01847134716769,-1.48628698373296
17.6,7.5216232526781,0.556826156666173,5.25623211998339,-0.195772469932622,1.01236051908468,-1.96492626183057
17.65,7.51183462918147,0.607444182620407,5.15798580689186,-0.194597835113026,1.00628635597017,-2.44069370425958
17.7,7.50210473742582,0.657758500418915,5.03595112167888,-0.193430248102348,1.00024863783435,-2.91360654203402
17.75,7.4924332250207,0.707770932310633,4.89027079457718,-0.192269666613734,0.994247146007344,-3.38368190278182
17.8,7.48281974169001,0.757483289611,4.72108669943809,-0.191116048614051,0.9882816631313,-3.85093681136513
17.85,7.47326393925931,0.806897372767565,4.52853985886983,-0.189969352322367,0.982351973152512,-4.31538819049694
17.9,7.46376547164319,0.856014971425191,4.31277044934499,-0.188829536208433,0.976457861313597,-4.77705286135396
17.95,7.45432399483277,0.90483786449087,4.07391780627729,-0.187696558991182,0.970599114145716,-5.23594754418583
18,7.44493916688321,0.953367820198156,3.812120429068,-0.186570379637235,0.964775519460841,-5.69208885892072
18.05,7.43561064790135,1.0016065961712,3.52751598612196,-0.185450957359412,0.958986866344076,-6.14549332576719
18.1,7.42633810003338,1.0495559394884,3.2202413198336,-0.184338251615255,0.953232945146012,-6.59617736581259
18.15,7.41712118745261,1.0972175867457,2.89043245154297,-0.183232222105564,0.947513547475136,-7.04415730161772
18.2,7.40795957634734,1.14459326411946,2.53822458646208,-0.18213282877293,0.941828466190285,-7.48944935780801
18.25,7.39885293490869,1.19168468742897,2.16375211857168,-0.181040031800293,0.936177495393143,-7.93206966166116
18.3,7.38980093331867,1.23849356219863,1.76714863548863,-0.179953791609491,0.930560430420784,-8.37203424369119
18.35,7.3808032437382,1.28502158371967,1.34854692330407,-0.178874068859834,0.92497706783826,-8.80935903822905
18.4,7.37185954029521,1.33127043711158,0.908078971392614,-0.177800824446675,0.91942720543123,-9.24405988399968
18.45,7.36296949907288,1.37724179738314,0.44587597719263,-0.176734019499995,0.913910642198643,-9.67615252469568
18.5,7.35413279809788,1.42293732949308,0.0379316490421538,-0.175673615382995,0.908427178345451,10.1056526095475
18.55,7.34534911732873,1.46835868841035,0.543214279519529,-0.174619573690697,0.902976615275378,9.55746169389022
18.6,7.33661813864419,1.51350751917412,1.02108736421404,-0.173571856248553,0.897558755583726,9.01255992372688
18.65,7.32793954583176,1.5583854569533,1.47171536040038,-0.172530425111061,0.892173403050223,8.47092756418451
18.7,7.31931302457621,1.60299412710582,1.89526173860961,-0.171495242560395,0.886820362631922,7.93254499879941
18.75,7.31073826244819,1.64733514523741,2.29188898854958,-0.170466271105033,0.881499440456131,7.39739272880661
18.8,7.30221494889294,1.69141011726022,2.66175862498991,-0.169443473478402,0.876210443813394,6.86545137243377
18.85,7.29374277521902,1.73522063945089,3.0050311936116,-0.168426812637532,0.870953181150513,6.33670166419917
18.9,7.28532143458714,1.77876829850841,3.32186627682156,-0.167416251761707,0.86572746206361,5.81112445421397
18.95,7.27695062199906,1.82205467161159,3.61242249953226,-0.166411754251137,0.860533097291229,5.28870070748869
19,7.2686300342865,1.86508132647616,3.87685753490669,-0.16541328372563,0.855369898707481,4.76941150324376
19.05,7.26035937010022,1.90784982141153,4.11532811006888,-0.164420804023276,0.850237679315237,4.2532380342243
19.1,7.25213832989906,1.95036170537729,4.32799001178009,-0.163434279199136,0.845136253239345,3.74016160601895
19.15,7.2439666159391,1.99261851803926,4.51499809208104,-0.162453673523942,0.840065435719909,3.23016363638284
19.2,7.2358439322629,2.03462178982525,4.67650627390018,-0.161478951482798,0.83502504310559,2.72322565456454
19.25,7.22776998468876,2.07637304198053,4.81266755662841,-0.160510077773901,0.830014892846956,2.21932930063715
19.3,7.21974448080007,2.11787378662288,4.92363402166027,-0.159547017307258,0.825034803489874,1.71845632483333
19.35,7.2117671299347,2.15912552679738,5.00955683790193,-0.158589735203414,0.820084594668935,1.22058858688433
19.4,7.20383764317453,2.20012975653082,5.07058626724615,-0.157638196792194,0.815164087100922,0.725708055363023
19.45,7.19595573333492,2.24088796088587,5.1068716700143,-0.15669236761144,0.810273102578316,0.233796807030845
19.5,7.18812111495435,2.28140161601478,5.11856151036584,-0.155752213405772,0.805411463962846,-0.25516297381134
19.55,7.18033350428406,2.32167218921293,5.10580336167528,-0.154817700125337,0.800578995179069,-0.741188995968472
19.6,7.1725926192778,2.36170113897188,5.06874391187685,-0.153888793924585,0.795775521207995,-1.22429886199266
19.65,7.16489817958157,2.40148991503228,5.00752896877722,-0.152965461161038,0.791000868080747,-1.70451006882071
19.7,7.15724990652351,2.44103995843632,4.92230346533619,-0.152047668394071,0.786254862872262,-2.18184000840778
19.75,7.14964752310381,2.48035270157993,4.8132114649158,-0.151135382383707,0.781537333695029,-2.65630596835733
19.8,7.14209075398462,2.51942956826468,4.68039616649793,-0.150228570089405,0.776848109692858,-3.12792513254719
19.85,7.13457932548015,2.55827197374933,4.52399990987057,-0.149327198668868,0.772187021034701,-3.59671458175191
19.9,7.12711296554671,2.59688132480106,4.34416418078297,-0.148431235476855,0.767553898908493,-4.0626912942614
19.95,7.11969140377287,2.63525901974649,4.1410296160699,-0.147540648063994,0.762948575515042,-4.52587214649583
20,7.11231437136967,2.67340644852224,3.91473600874511,-0.14665540417561,0.758370884061952,-4.98627391361685
